{"cameraMode":{"drawMode":0,"name":"Shaded","section":"Shading Mode"},"sceneLighting":true,"audioPlay":false,"sceneViewState":{"showFog":true,"showMaterialUpdate":false,"showSkybox":true,"showFlares":true,"showImageEffects":true,"showParticleSystems":true},"in2DMode":false,"pivot":{"x":0.7093219757080078,"y":4.446704864501953,"z":9.23465347290039},"rotation":{"x":-0.2446778565645218,"y":-0.6803888082504273,"z":0.25968557596206667,"w":-0.6402338743209839},"size":12.255534172058106,"orthographic":false}